id;login;password_hash;first_name;last_name;email;image_url;activated;lang_key;created_by;last_modified_by
1;system;$2a$10$mE.qmcV0mFU5NcKh73TZx.z4ueI/.bDWbj0T1BYyqP481kGGarKLG;System;System;system@localhost;;true;en;system;system
2;anonymoususer;$2a$10$j8S5d7Sr7.8VTOYNviDPOeWX8KcYILUVJBsYV83Y5NtECayypx9lO;Anonymous;User;anonymous@localhost;;true;en;system;system
3;admin;$2a$10$gSAhZrxMllrbgj/kkK9UceBPpChGWJA7SYIb1Mqo.n5aNLq1/oRrC;Administrator;Administrator;admin@localhost;;true;en;system;system
4;user;$2a$10$VEjxo0jq2YG9Rbk2HmX9S.k1uZBGYUHdUcid3g/vfiEl7lwWgOH/K;User;User;user@localhost;;true;en;system;system
5;ryan;$2a$10$VEjxo0jq2YG9Rbk2HmX9S.k1uZBGYUHdUcid3g/vfiEl7lwWgOH/K;Ryan;Graves;ryangraves@localhost;https://picsum.photos/200;true;en;system;system
6;nina;$2a$10$VEjxo0jq2YG9Rbk2HmX9S.k1uZBGYUHdUcid3g/vfiEl7lwWgOH/K;Nina;Bryan;ninabryan@localhost;https://picsum.photos/200;true;en;system;system
7;brandon;$2a$10$VEjxo0jq2YG9Rbk2HmX9S.k1uZBGYUHdUcid3g/vfiEl7lwWgOH/K;Brandon;Erickson;brandonerickson@localhost;https://picsum.photos/200;true;en;system;system
8;dean;$2a$10$VEjxo0jq2YG9Rbk2HmX9S.k1uZBGYUHdUcid3g/vfiEl7lwWgOH/K;Dean;Clarke;deanclarke@localhost;https://picsum.photos/200;true;en;system;system
9;stanley;$2a$10$VEjxo0jq2YG9Rbk2HmX9S.k1uZBGYUHdUcid3g/vfiEl7lwWgOH/K;Stanley;Tucker;stanleytucker@localhost;https://picsum.photos/200;true;en;system;system
10;ricky;$2a$10$VEjxo0jq2YG9Rbk2HmX9S.k1uZBGYUHdUcid3g/vfiEl7lwWgOH/K;Ricky;Medina;rickymedina@localhost;https://picsum.photos/200;true;en;system;system
11;lester;$2a$10$VEjxo0jq2YG9Rbk2HmX9S.k1uZBGYUHdUcid3g/vfiEl7lwWgOH/K;Lester;Cobb;lestercobb@localhost;https://picsum.photos/200;true;en;system;system
12;essie;$2a$10$VEjxo0jq2YG9Rbk2HmX9S.k1uZBGYUHdUcid3g/vfiEl7lwWgOH/K;Essie;Fletcher;essiefletcher@localhost;https://picsum.photos/200;true;en;system;system
13;harry;$2a$10$VEjxo0jq2YG9Rbk2HmX9S.k1uZBGYUHdUcid3g/vfiEl7lwWgOH/K;Harry;Wilkerson;harrywilkerson@localhost;https://picsum.photos/200;true;en;system;system
14;frederick;$2a$10$VEjxo0jq2YG9Rbk2HmX9S.k1uZBGYUHdUcid3g/vfiEl7lwWgOH/K;Frederick;Gray;frederickgray@localhost;https://picsum.photos/200;true;en;system;system
15;howard;$2a$10$VEjxo0jq2YG9Rbk2HmX9S.k1uZBGYUHdUcid3g/vfiEl7lwWgOH/K;Howard;Hines;howardhines@localhost;https://picsum.photos/200;true;en;system;system
16;ethel;$2a$10$VEjxo0jq2YG9Rbk2HmX9S.k1uZBGYUHdUcid3g/vfiEl7lwWgOH/K;Ethel;Huff;ethelhuff@localhost;https://picsum.photos/200;true;en;system;system
